{
  "data/001/task_1.txt": {
    "amount of fog": 65500,
    "total": 180501,
    "percent fog": 36.28788760173074
  },
  "data/001/task_2.txt": {
    "amount of fog": 64500,
    "total": 166001,
    "percent fog": 38.85518761935169
  },
  "data/001/task_3.txt": {
    "amount of fog": 0,
    "total": 14501,
    "percent fog": 0.0
  },
  "data/001/task_4.txt": {
    "amount of fog": 0,
    "total": 15501,
    "percent fog": 0.0
  },
  "data/002/task_1.txt": {
    "amount of fog": 0,
    "total": 121501,
    "percent fog": 0.0
  },
  "data/002/task_2.txt": {
    "amount of fog": 0,
    "total": 119501,
    "percent fog": 0.0
  },
  "data/002/task_3.txt": {
    "amount of fog": 0,
    "total": 13001,
    "percent fog": 0.0
  },
  "data/002/task_4.txt": {
    "amount of fog": 1500,
    "total": 14501,
    "percent fog": 10.344114199020757
  },
  "data/003/task_1.txt": {
    "amount of fog": 588000,
    "total": 643501,
    "percent fog": 91.37514937816724
  },
  "data/003/task_2.txt": {
    "amount of fog": 237000,
    "total": 315501,
    "percent fog": 75.11862086015574
  },
  "data/003/task_3.txt": {
    "amount of fog": 26500,
    "total": 38001,
    "percent fog": 69.7350069735007
  },
  "data/003/task_4.txt": {
    "amount of fog": 26500,
    "total": 37501,
    "percent fog": 70.66478227247273
  },
  "data/004/task_1.txt": {
    "amount of fog": 0,
    "total": 94001,
    "percent fog": 0.0
  },
  "data/004/task_2.txt": {
    "amount of fog": 60000,
    "total": 180001,
    "percent fog": 33.33314814917695
  },
  "data/004/task_3.txt": {
    "amount of fog": 0,
    "total": 13501,
    "percent fog": 0.0
  },
  "data/004/task_4.txt": {
    "amount of fog": 2500,
    "total": 16001,
    "percent fog": 15.624023498531342
  },
  "data/004/task_5.txt": {
    "amount of fog": 4500,
    "total": 18501,
    "percent fog": 24.32300956705043
  },
  "data/005/task_1.txt": {
    "amount of fog": 0,
    "total": 122001,
    "percent fog": 0.0
  },
  "data/005/task_2.txt": {
    "amount of fog": 0,
    "total": 10501,
    "percent fog": 0.0
  },
  "data/005/task_3.txt": {
    "amount of fog": 0,
    "total": 11001,
    "percent fog": 0.0
  },
  "data/005/task_4.txt": {
    "amount of fog": 0,
    "total": 9501,
    "percent fog": 0.0
  },
  "data/006/task_1.txt": {
    "amount of fog": 67000,
    "total": 227001,
    "percent fog": 29.515288478905376
  },
  "data/006/task_2.txt": {
    "amount of fog": 77500,
    "total": 237501,
    "percent fog": 32.63144155182505
  },
  "data/006/task_3.txt": {
    "amount of fog": 17000,
    "total": 33001,
    "percent fog": 51.51359049725765
  },
  "data/006/task_4.txt": {
    "amount of fog": 16500,
    "total": 33001,
    "percent fog": 49.99848489439714
  },
  "data/007/task_1.txt": {
    "amount of fog": 70500,
    "total": 148501,
    "percent fog": 47.4744277816311
  },
  "data/007/task_2.txt": {
    "amount of fog": 62000,
    "total": 143501,
    "percent fog": 43.205273830844384
  },
  "data/007/task_3.txt": {
    "amount of fog": 16000,
    "total": 25001,
    "percent fog": 63.997440102395906
  },
  "data/007/task_4.txt": {
    "amount of fog": 18000,
    "total": 26001,
    "percent fog": 69.22810661128418
  },
  "data/008/OFF_1/task_1.txt": {
    "amount of fog": 102500,
    "total": 218501,
    "percent fog": 46.910540455192425
  },
  "data/008/OFF_1/task_2.txt": {
    "amount of fog": 92500,
    "total": 183501,
    "percent fog": 50.40844464062866
  },
  "data/008/OFF_1/task_3.txt": {
    "amount of fog": 11000,
    "total": 25001,
    "percent fog": 43.99824007039718
  },
  "data/008/OFF_1/task_4.txt": {
    "amount of fog": 2500,
    "total": 14001,
    "percent fog": 17.85586743804014
  },
  "data/008/OFF_1/task_5.txt": {
    "amount of fog": 2000,
    "total": 12501,
    "percent fog": 15.99872010239181
  },
  "data/008/OFF_2/task_1.txt": {
    "amount of fog": 101500,
    "total": 186501,
    "percent fog": 54.42330067935293
  },
  "data/008/OFF_2/task_2.txt": {
    "amount of fog": 92000,
    "total": 187501,
    "percent fog": 49.06640497917344
  },
  "data/008/OFF_2/task_3.txt": {
    "amount of fog": 22000,
    "total": 36001,
    "percent fog": 61.109413627399235
  },
  "data/008/OFF_2/task_4.txt": {
    "amount of fog": 10000,
    "total": 20501,
    "percent fog": 48.77810838495683
  },
  "data/009/task_1.txt": {
    "amount of fog": 6500,
    "total": 99001,
    "percent fog": 6.565590246563166
  },
  "data/009/task_2.txt": {
    "amount of fog": 14000,
    "total": 119001,
    "percent fog": 11.764607020109075
  },
  "data/009/task_3.txt": {
    "amount of fog": 25500,
    "total": 141001,
    "percent fog": 18.084978120722546
  },
  "data/009/task_4.txt": {
    "amount of fog": 4500,
    "total": 11501,
    "percent fog": 39.12703243196244
  },
  "data/009/task_5.txt": {
    "amount of fog": 4000,
    "total": 13001,
    "percent fog": 30.766864087377893
  },
  "data/009/task_6.txt": {
    "amount of fog": 4000,
    "total": 12501,
    "percent fog": 31.99744020478362
  },
  "data/010/task_1.txt": {
    "amount of fog": 195500,
    "total": 402001,
    "percent fog": 48.63171982159248
  },
  "data/010/task_2.txt": {
    "amount of fog": 162500,
    "total": 322001,
    "percent fog": 50.46568178359695
  },
  "data/010/task_3.txt": {
    "amount of fog": 15000,
    "total": 40001,
    "percent fog": 37.49906252343692
  },
  "data/010/task_4.txt": {
    "amount of fog": 10000,
    "total": 39501,
    "percent fog": 25.315814789499
  },
  "data/011/task_1.txt": {
    "amount of fog": 127500,
    "total": 294501,
    "percent fog": 43.293571159350904
  },
  "data/011/task_2.txt": {
    "amount of fog": 75500,
    "total": 226501,
    "percent fog": 33.333186166948494
  },
  "data/011/task_3.txt": {
    "amount of fog": 20500,
    "total": 33001,
    "percent fog": 62.11932971728129
  },
  "data/011/task_4.txt": {
    "amount of fog": 13000,
    "total": 26501,
    "percent fog": 49.05475265084336
  },
  "data/012/task_1.txt": {
    "amount of fog": 46500,
    "total": 259501,
    "percent fog": 17.919006092462073
  },
  "data/012/task_2.txt": {
    "amount of fog": 0,
    "total": 39001,
    "percent fog": 0.0
  },
  "data/012/task_3.txt": {
    "amount of fog": 0,
    "total": 33501,
    "percent fog": 0.0
  },
  "data/012/task_4.txt": {
    "amount of fog": 76500,
    "total": 187001,
    "percent fog": 40.90887214506874
  }
}